turn,algorithm,hits,originDatabase,originAlgorithm,minTile,maxTile,minBoardValue,maxBoardValue,sumBoardValue,minBoardScore,maxBoardScore,sumBoardScore
1,all,318930,291153,27777,2,8,2,12,2105566,0,8,363232
1,treeDb_first,53155,48413,4742,2,8,2,12,350974,0,8,66668
1,treeDb_firstlastmaxtile,53155,48443,4712,2,8,2,12,350880,0,8,67156
1,treeDb_firstlastprogress,53155,48702,4453,2,8,2,12,350854,0,8,47316
1,treeDb_followMaxTile,53155,48425,4730,2,8,2,12,351092,0,8,66836
1,treeDb_followProgress,53155,48648,4507,2,8,2,12,351016,0,8,48068
1,treeDb_last,53155,48522,4633,2,8,2,12,350750,0,8,67188
2,all,318918,273876,45042,2,8,4,16,2807360,0,12,1055184
2,treeDb_first,53153,45925,7228,2,8,4,16,467840,0,12,176940
2,treeDb_firstlastmaxtile,53153,44928,8225,2,8,4,16,467534,0,12,178092
2,treeDb_firstlastprogress,53153,46151,7002,2,8,4,16,467912,0,12,172328
2,treeDb_followMaxTile,53153,44824,8329,2,8,4,16,468084,0,12,178120
2,treeDb_followProgress,53153,46183,6970,2,8,4,14,468038,0,12,172424
2,treeDb_last,53153,45865,7288,2,8,4,16,467952,0,12,177280
3,all,318887,269849,49038,2,8,6,20,3509224,0,16,1439312
3,treeDb_first,53148,44977,8171,2,8,6,18,584756,0,16,239908
3,treeDb_firstlastmaxtile,53147,44919,8228,2,8,6,20,584440,0,16,242048
3,treeDb_firstlastprogress,53148,45189,7959,2,8,6,20,584976,0,16,237012
3,treeDb_followMaxTile,53148,44863,8285,2,8,6,20,585284,0,16,241784
3,treeDb_followProgress,53149,45022,8127,2,8,6,18,584768,0,12,237520
3,treeDb_last,53147,44879,8268,2,8,6,20,585000,0,12,241040
4,all,318864,249561,69303,2,16,8,24,4209794,0,32,2458128
4,treeDb_first,53144,41782,11362,2,16,8,22,701466,0,32,410476
4,treeDb_firstlastmaxtile,53144,41343,11801,2,16,8,22,701372,0,32,412864
4,treeDb_firstlastprogress,53144,41800,11344,2,8,8,22,701842,0,20,404720
4,treeDb_followMaxTile,53144,41437,11707,2,16,8,22,701990,0,32,412992
4,treeDb_followProgress,53144,41605,11539,2,8,8,22,701144,0,20,404704
4,treeDb_last,53144,41594,11550,2,8,8,24,701980,0,20,412372
5,all,318836,279089,39747,2,16,10,26,4910958,0,36,3581656
5,treeDb_first,53139,46459,6680,2,16,10,26,818068,0,36,602084
5,treeDb_firstlastmaxtile,53139,46522,6617,2,16,10,24,818464,0,36,603264
5,treeDb_firstlastprogress,53139,46498,6641,2,16,10,24,818776,0,36,585476
5,treeDb_followMaxTile,53139,46491,6648,2,16,10,24,818726,0,36,603148
5,treeDb_followProgress,53141,46644,6497,2,16,10,24,818034,0,36,583812
5,treeDb_last,53139,46475,6664,2,16,10,26,818890,0,36,603872
6,all,318822,273093,45729,2,16,12,28,5612240,0,44,4766188
6,treeDb_first,53137,45409,7728,2,16,12,28,935028,0,40,800812
6,treeDb_firstlastmaxtile,53137,45787,7350,2,16,12,28,935430,0,40,797544
6,treeDb_firstlastprogress,53137,45358,7779,2,16,12,28,935570,0,40,786412
6,treeDb_followMaxTile,53137,45864,7273,2,16,12,28,935700,0,40,795832
6,treeDb_followProgress,53137,45300,7837,2,16,12,28,935020,0,44,782968
6,treeDb_last,53137,45375,7762,2,16,12,28,935492,0,40,802620
7,all,318789,280809,37980,2,16,14,32,6312802,0,48,5910348
7,treeDb_first,53131,46594,6537,2,16,14,30,1051900,0,48,991648
7,treeDb_firstlastmaxtile,53131,46938,6193,2,16,14,30,1052138,4,48,988480
7,treeDb_firstlastprogress,53132,47013,6119,2,16,14,30,1052326,0,48,977236
7,treeDb_followMaxTile,53132,46835,6297,2,16,14,30,1052398,0,48,986944
7,treeDb_followProgress,53132,46848,6284,2,16,14,30,1051740,0,48,974012
7,treeDb_last,53131,46581,6550,2,16,14,32,1052300,0,48,992028
8,all,318767,275691,43076,2,16,16,36,7014152,4,52,7157764
8,treeDb_first,53127,45865,7262,2,16,16,32,1168664,4,52,1198172
8,treeDb_firstlastmaxtile,53128,45828,7300,2,16,16,32,1168934,4,52,1199296
8,treeDb_firstlastprogress,53128,46153,6975,2,16,16,32,1169176,4,52,1183756
8,treeDb_followMaxTile,53128,45819,7309,2,16,16,34,1169272,4,52,1197736
8,treeDb_followProgress,53128,46083,7045,2,16,16,34,1168906,4,52,1180312
8,treeDb_last,53128,45943,7185,2,16,16,36,1169200,4,52,1198492
9,all,318731,274305,44426,2,16,18,38,7714220,8,56,8624684
9,treeDb_first,53122,45699,7423,2,16,18,36,1285350,8,56,1444824
9,treeDb_firstlastmaxtile,53122,45834,7288,2,16,18,36,1285484,8,56,1451900
9,treeDb_firstlastprogress,53119,45734,7385,2,16,18,36,1285882,8,56,1418488
9,treeDb_followMaxTile,53123,45630,7493,2,16,18,36,1285910,8,56,1450328
9,treeDb_followProgress,53123,45791,7332,2,16,18,36,1285832,8,56,1415444
9,treeDb_last,53122,45617,7505,2,16,18,38,1285762,8,56,1443700
10,all,318653,267618,51035,2,16,20,40,8413104,12,72,10553624
10,treeDb_first,53112,44284,8828,2,16,20,40,1401986,12,60,1768640
10,treeDb_firstlastmaxtile,53111,44939,8172,2,16,20,40,1402176,12,60,1783328
10,treeDb_firstlastprogress,53099,44631,8468,2,16,20,40,1401996,12,60,1728608
10,treeDb_followMaxTile,53115,45004,8111,2,16,20,40,1402508,12,72,1781172
10,treeDb_followProgress,53105,44477,8628,2,16,20,40,1402170,12,60,1723668
10,treeDb_last,53111,44283,8828,2,16,20,40,1402268,12,60,1768208
11,all,318480,260082,58398,2,32,22,44,9108708,16,108,12728604
11,treeDb_first,53096,42937,10159,2,16,22,44,1518412,16,76,2137580
11,treeDb_firstlastmaxtile,53090,44145,8945,2,16,22,44,1518426,16,76,2151376
11,treeDb_firstlastprogress,53049,43029,10020,2,16,22,44,1517188,16,64,2080616
11,treeDb_followMaxTile,53092,44036,9056,2,32,22,44,1518602,16,108,2145400
11,treeDb_followProgress,53060,43041,10019,2,16,22,44,1517470,16,72,2074744
11,treeDb_last,53093,42894,10199,2,16,22,44,1518610,16,64,2138888
12,all,318229,254775,63454,2,32,24,48,9801202,20,108,14955460
12,treeDb_first,53072,42034,11038,2,32,24,48,1634602,24,108,2516876
12,treeDb_firstlastmaxtile,53070,43339,9731,2,32,24,48,1634646,24,108,2521996
12,treeDb_firstlastprogress,52961,42218,10743,2,16,24,48,1631046,24,80,2442952
12,treeDb_followMaxTile,53071,43292,9779,2,32,24,48,1634654,24,108,2518292
12,treeDb_followProgress,52983,42038,10945,2,32,24,48,1631562,24,104,2438156
12,treeDb_last,53072,41854,11218,2,16,24,48,1634692,20,80,2517188
13,all,317814,252843,64971,2,32,26,52,10487252,28,116,17056376
13,treeDb_first,53037,41634,11403,2,32,26,52,1750120,28,116,2871256
13,treeDb_firstlastmaxtile,53030,43097,9933,2,32,26,52,1750072,28,112,2869848
13,treeDb_firstlastprogress,52825,41667,11158,2,16,26,52,1743060,28,84,2789012
13,treeDb_followMaxTile,53040,43056,9984,2,32,26,52,1750412,28,116,2869096
13,treeDb_followProgress,52838,41762,11076,2,32,26,52,1743130,28,112,2785772
13,treeDb_last,53044,41627,11417,2,32,26,52,1750458,28,116,2871392
14,all,317325,241446,75879,2,32,28,56,11169210,32,124,18919804
14,treeDb_first,52995,39793,13202,2,32,28,56,1865190,32,120,3182280
14,treeDb_firstlastmaxtile,52990,41341,11649,2,32,28,56,1865502,32,124,3179332
14,treeDb_firstlastprogress,52672,39623,13049,2,32,28,56,1853842,32,116,3101444
14,treeDb_followMaxTile,52996,41299,11697,2,32,28,56,1865638,32,120,3179852
14,treeDb_followProgress,52670,39729,12941,2,32,28,56,1853504,32,120,3096560
14,treeDb_last,53002,39661,13341,2,32,28,56,1865534,32,120,3180336
15,all,316894,235010,81884,2,32,30,60,11851908,36,128,20578996
15,treeDb_first,52945,38651,14294,2,32,30,60,1979952,36,128,3458984
15,treeDb_firstlastmaxtile,52950,40352,12598,2,32,30,60,1980598,36,128,3457832
15,treeDb_firstlastprogress,52544,38388,14156,2,32,30,60,1964966,36,124,3375048
15,treeDb_followMaxTile,52954,40416,12538,2,32,30,60,1980808,36,124,3458720
15,treeDb_followProgress,52552,38643,13909,2,32,30,60,1965130,36,124,3370904
15,treeDb_last,52949,38560,14389,2,32,30,60,1980454,36,124,3457508
16,all,316473,232458,84015,2,32,32,64,12531506,44,132,22292516
16,treeDb_first,52897,38275,14622,2,32,32,64,2094310,44,132,3745620
16,treeDb_firstlastmaxtile,52897,40107,12790,2,32,32,64,2094748,44,132,3747080
16,treeDb_firstlastprogress,52435,38110,14325,2,32,32,64,2075874,44,128,3651936
16,treeDb_followMaxTile,52900,39938,12962,2,32,32,64,2095144,44,132,3750448
16,treeDb_followProgress,52446,38036,14410,2,32,32,64,2076448,44,128,3649180
16,treeDb_last,52898,37992,14906,2,32,32,64,2094982,44,132,3748252
17,all,315764,227877,87887,2,32,34,68,13196188,48,148,24206776
17,treeDb_first,52803,37396,15407,2,32,34,68,2206624,48,144,4072660
17,treeDb_firstlastmaxtile,52802,39429,13373,2,32,34,68,2207046,48,136,4077184
17,treeDb_firstlastprogress,52262,37253,15009,2,32,34,68,2183416,48,132,3952172
17,treeDb_followMaxTile,52808,39330,13478,2,32,34,68,2207170,48,148,4079972
17,treeDb_followProgress,52292,36978,15314,2,32,34,68,2184768,48,136,3950344
17,treeDb_last,52797,37491,15306,2,32,34,68,2207164,48,136,4074444
18,all,314655,216719,97936,2,32,36,72,13839512,52,148,26382136
18,treeDb_first,52668,35463,17205,2,32,36,72,2316516,52,148,4448760
18,treeDb_firstlastmaxtile,52630,37523,15107,2,32,36,72,2315276,52,148,4455164
18,treeDb_firstlastprogress,52002,35449,16553,2,32,36,72,2286556,52,148,4285820
18,treeDb_followMaxTile,52657,37571,15086,2,32,36,72,2316288,52,148,4462980
18,treeDb_followProgress,52038,35296,16742,2,32,36,72,2288014,52,140,4280364
18,treeDb_last,52660,35417,17243,2,32,36,72,2316862,52,140,4449048
19,all,313017,209479,103538,2,32,38,76,14453376,56,160,28813380
19,treeDb_first,52464,34038,18426,2,32,38,76,2422724,60,156,4865888
19,treeDb_firstlastmaxtile,52378,36366,16012,2,32,38,76,2418918,60,156,4882456
19,treeDb_firstlastprogress,51667,34177,17490,2,32,38,76,2384758,60,152,4658012
19,treeDb_followMaxTile,52381,36593,15788,2,32,38,76,2419156,60,156,4892080
19,treeDb_followProgress,51695,34249,17446,2,32,38,76,2386226,56,156,4650508
19,treeDb_last,52432,34056,18376,2,32,38,76,2421594,60,160,4864436
20,all,310991,203159,107832,2,32,40,80,15040580,64,164,31512596
20,treeDb_first,52159,33108,19051,2,32,40,80,2522772,64,160,5325372
20,treeDb_firstlastmaxtile,52068,35472,16596,2,32,40,80,2518582,64,164,5351300
20,treeDb_firstlastprogress,51253,33054,18199,2,32,40,80,2477574,64,160,5076428
20,treeDb_followMaxTile,52073,35288,16785,2,32,40,80,2519284,64,160,5363708
20,treeDb_followProgress,51279,33090,18189,2,32,40,80,2479088,64,156,5072632
20,treeDb_last,52159,33147,19012,2,32,40,80,2523280,64,160,5323156
21,all,308381,198442,109939,2,32,42,84,15590760,68,168,34326288
21,treeDb_first,51771,32266,19505,2,32,42,84,2617718,68,164,5797328
21,treeDb_firstlastmaxtile,51687,34888,16799,2,32,42,84,2613552,68,164,5832272
21,treeDb_firstlastprogress,50730,32025,18705,2,32,42,84,2563162,72,164,5532916
21,treeDb_followMaxTile,51675,34868,16807,2,32,42,84,2613576,72,168,5843928
21,treeDb_followProgress,50745,31963,18782,2,32,42,84,2564336,68,164,5525508
21,treeDb_last,51773,32432,19341,2,32,42,84,2618416,72,168,5794336
22,all,305577,192662,112915,2,32,44,88,16118942,76,172,37059656
22,treeDb_first,51389,31540,19849,2,32,44,88,2711024,76,172,6261340
22,treeDb_firstlastmaxtile,51277,34147,17130,2,32,44,88,2705594,76,168,6297428
22,treeDb_firstlastprogress,50132,30755,19377,2,32,44,88,2642670,76,172,5969960
22,treeDb_followMaxTile,51274,34052,17222,2,32,44,88,2706040,84,168,6309868
22,treeDb_followProgress,50126,30747,19379,2,32,44,88,2642124,76,168,5958404
22,treeDb_last,51379,31421,19958,2,32,44,88,2711490,80,172,6262656
23,all,302631,188758,113873,2,32,46,92,16627344,88,176,39583132
23,treeDb_first,50961,30739,20222,2,32,46,92,2800184,92,176,6698156
23,treeDb_firstlastmaxtile,50897,33721,17176,2,32,46,92,2797076,92,176,6739856
23,treeDb_firstlastprogress,49450,29816,19634,2,32,46,92,2714864,88,172,6351792
23,treeDb_followMaxTile,50894,33719,17175,2,32,46,92,2797930,88,176,6746112
23,treeDb_followProgress,49464,29801,19663,2,32,46,92,2715860,92,172,6345928
23,treeDb_last,50965,30962,20003,2,32,46,92,2801430,92,176,6701288
24,all,299362,185691,113671,2,32,48,96,17102884,96,192,41832464
24,treeDb_first,50530,30453,20077,2,32,48,96,2887230,96,192,7100380
24,treeDb_firstlastmaxtile,50518,33205,17313,2,32,48,96,2887032,96,180,7144188
24,treeDb_firstlastprogress,48649,29059,19590,2,32,48,96,2777298,96,176,6672552
24,treeDb_followMaxTile,50486,33403,17083,2,32,48,96,2885846,96,188,7144424
24,treeDb_followProgress,48659,28965,19694,2,32,48,96,2777902,96,180,6670132
24,treeDb_last,50520,30606,19914,2,32,48,96,2887576,96,180,7100788
25,all,295740,180780,114960,2,32,50,100,17543440,100,228,43811704
25,treeDb_first,50059,29660,20399,2,32,50,100,2969654,100,228,7460096
25,treeDb_firstlastmaxtile,50048,32668,17380,2,32,50,100,2969634,100,196,7495100
25,treeDb_firstlastprogress,47748,28081,19667,2,32,50,100,2830378,100,192,6948612
25,treeDb_followMaxTile,50012,32595,17417,2,32,50,100,2968388,100,196,7493572
25,treeDb_followProgress,47821,28066,19755,2,32,50,100,2835034,100,196,6955432
25,treeDb_last,50052,29710,20342,2,32,50,100,2970352,100,196,7458892
26,all,291447,172919,118528,2,32,52,104,17925344,108,232,45497348
26,treeDb_first,49464,28452,21012,2,32,52,104,3042464,108,228,7758704
26,treeDb_firstlastmaxtile,49462,31377,18085,2,32,52,104,3043064,108,224,7792088
26,treeDb_firstlastprogress,46774,26713,20061,2,32,52,104,2874762,108,200,7195856
26,treeDb_followMaxTile,49405,31232,18173,2,32,52,104,3040150,108,228,7787432
26,treeDb_followProgress,46847,26796,20051,2,32,52,104,2879510,108,228,7197576
26,treeDb_last,49495,28349,21146,2,32,52,104,3045394,108,232,7765692
27,all,286529,165446,121083,2,32,54,108,18249724,112,236,46920004
27,treeDb_first,48720,27101,21619,2,32,54,108,3103382,112,236,8007488
27,treeDb_firstlastmaxtile,48776,30090,18686,2,32,54,108,3107606,112,232,8046976
27,treeDb_firstlastprogress,45767,25461,20306,2,32,54,108,2912838,112,232,7407088
27,treeDb_followMaxTile,48716,30188,18528,2,32,54,108,3104346,112,236,8037356
27,treeDb_followProgress,45782,25393,20389,2,32,54,108,2913942,112,236,7403788
27,treeDb_last,48768,27213,21555,2,32,54,108,3107610,112,232,8017308
28,all,281121,158376,122745,2,64,56,112,18521880,120,300,48160980
28,treeDb_first,47943,26129,21814,2,64,56,112,3159482,120,300,8233944
28,treeDb_firstlastmaxtile,47969,29169,18800,2,64,56,112,3161294,120,296,8261952
28,treeDb_firstlastprogress,44652,24037,20615,2,64,56,112,2939496,120,292,7580448
28,treeDb_followMaxTile,47907,28857,19050,2,64,56,112,3157956,120,300,8256204
28,treeDb_followProgress,44685,24072,20613,2,32,56,112,2941772,120,236,7582736
28,treeDb_last,47965,26112,21853,2,64,56,112,3161880,120,300,8245696
29,all,275688,148701,126987,2,64,58,116,18768298,124,308,49317224
29,treeDb_first,47170,24520,22650,2,64,58,116,3211962,124,308,8452820
29,treeDb_firstlastmaxtile,47186,27499,19687,2,64,58,116,3213230,124,308,8472088
29,treeDb_firstlastprogress,43465,22353,21112,2,64,58,116,2956346,124,304,7721980
29,treeDb_followMaxTile,47127,27607,19520,2,64,58,116,3209894,124,304,8466368
29,treeDb_followProgress,43533,22180,21353,2,64,58,116,2961324,124,304,7734536
29,treeDb_last,47207,24542,22665,2,64,58,116,3215542,124,308,8469432
30,all,270196,138641,131555,2,64,60,120,18985264,132,312,50365592
30,treeDb_first,46433,23180,23253,2,64,60,120,3263370,132,312,8671728
30,treeDb_firstlastmaxtile,46343,25826,20517,2,64,60,120,3257138,132,312,8663496
30,treeDb_firstlastprogress,42283,20458,21825,2,64,60,120,2968336,132,308,7834920
30,treeDb_followMaxTile,46400,26027,20373,2,64,60,120,3261776,132,312,8678596
30,treeDb_followProgress,42309,20309,22000,2,64,60,120,2970330,132,308,7839212
30,treeDb_last,46428,22841,23587,2,64,60,120,3264314,132,312,8677640
31,all,264456,129444,135012,2,64,62,124,19158568,144,320,51299008
31,treeDb_first,45650,21505,24145,2,64,62,124,3308086,144,316,8874348
31,treeDb_firstlastmaxtile,45466,24332,21134,2,64,62,124,3294910,144,320,8848368
31,treeDb_firstlastprogress,41124,18803,22321,2,64,62,124,2976572,144,316,7926592
31,treeDb_followMaxTile,45523,24526,20997,2,64,62,124,3299408,144,316,8865952
31,treeDb_followProgress,41037,18743,22294,2,64,62,124,2969802,144,316,7905728
31,treeDb_last,45656,21535,24121,2,64,62,124,3309790,144,316,8878020
32,all,257824,122274,135550,2,64,64,128,19238564,152,336,52054200
32,treeDb_first,44727,20640,24087,2,64,64,128,3338930,152,336,9048188
32,treeDb_firstlastmaxtile,44489,23052,21437,2,64,64,128,3321110,152,336,9016204
32,treeDb_firstlastprogress,39689,17550,22139,2,64,64,128,2958376,152,320,7956996
32,treeDb_followMaxTile,44502,23190,21312,2,64,64,128,3322282,152,320,9027472
32,treeDb_followProgress,39642,17329,22313,2,64,64,128,2954218,152,332,7943392
32,treeDb_last,44775,20513,24262,2,64,64,128,3343648,152,336,9061948
33,all,250391,114598,135793,2,64,66,132,19227012,156,340,52738556
33,treeDb_first,43727,19171,24556,2,64,66,132,3359510,156,336,9223368
33,treeDb_firstlastmaxtile,43383,21950,21433,2,64,66,132,3333020,156,340,9182400
33,treeDb_firstlastprogress,38163,16035,22128,2,64,66,132,2926802,156,336,7975840
33,treeDb_followMaxTile,43417,22053,21364,2,64,66,132,3335988,156,340,9194872
33,treeDb_followProgress,37929,15947,21982,2,64,66,132,2907960,156,336,7925500
33,treeDb_last,43772,19442,24330,2,64,66,132,3363732,156,336,9236576
34,all,242167,108168,133999,2,64,68,136,19122256,164,344,53427968
34,treeDb_first,42599,18292,24307,2,64,68,136,3365826,164,340,9400624
34,treeDb_firstlastmaxtile,42213,20950,21263,2,64,68,136,3334994,164,344,9363660
34,treeDb_firstlastprogress,36376,14894,21482,2,64,68,136,2868282,164,344,7966828
34,treeDb_followMaxTile,42209,21086,21123,2,64,68,136,3335026,164,344,9372304
34,treeDb_followProgress,36089,14686,21403,2,64,68,136,2844784,164,344,7899080
34,treeDb_last,42681,18260,24421,2,64,68,136,3373344,164,344,9425472
35,all,233396,104182,129214,2,64,70,140,18939438,168,352,54165140
35,treeDb_first,41452,17471,23981,2,64,70,140,3365578,168,348,9605868
35,treeDb_firstlastmaxtile,40908,20623,20285,2,64,70,140,3321380,172,348,9548352
35,treeDb_firstlastprogress,34418,14040,20378,2,64,70,140,2788714,172,344,7940876
35,treeDb_followMaxTile,40923,20512,20411,2,64,70,140,3323226,168,348,9562424
35,treeDb_followProgress,34227,13903,20324,2,64,70,140,2772444,172,348,7887552
35,treeDb_last,41468,17633,23835,2,64,70,140,3368096,168,352,9620068
36,all,224414,100935,123479,2,64,72,144,18699804,176,356,54905980
36,treeDb_first,40234,17196,23038,2,64,72,144,3354096,176,352,9808744
36,treeDb_firstlastmaxtile,39547,20037,19510,2,64,72,144,3297332,184,356,9734812
36,treeDb_firstlastprogress,32423,13301,19122,2,64,72,144,2698006,184,352,7905012
36,treeDb_followMaxTile,39706,20140,19566,2,64,72,144,3310854,184,356,9772536
36,treeDb_followProgress,32320,13265,19055,2,64,72,144,2688448,184,356,7871244
36,treeDb_last,40184,16996,23188,2,64,72,144,3351068,184,356,9813632
37,all,215258,97028,118230,2,64,74,148,18405122,188,372,55543864
37,treeDb_first,38902,16432,22470,2,64,74,148,3327342,188,372,9985536
37,treeDb_firstlastmaxtile,38205,19491,18714,2,64,74,148,3268606,192,360,9920788
37,treeDb_firstlastprogress,30511,12548,17963,2,64,74,148,2605668,188,356,7863220
37,treeDb_followMaxTile,38312,19598,18714,2,64,74,148,3277696,192,360,9938996
37,treeDb_followProgress,30467,12466,18001,2,64,74,148,2600776,188,356,7842340
37,treeDb_last,38861,16493,22368,2,64,74,148,3325034,192,360,9992984
38,all,205863,93299,112564,2,64,76,152,18048896,196,404,55920216
38,treeDb_first,37440,15856,21584,2,64,76,152,3282954,196,404,10105236
38,treeDb_firstlastmaxtile,36764,18903,17861,2,64,76,152,3225282,200,364,10040916
38,treeDb_firstlastprogress,28652,11817,16835,2,64,76,152,2509564,200,360,7786696
38,treeDb_followMaxTile,36847,18985,17862,2,64,76,152,3232360,212,364,10066836
38,treeDb_followProgress,28685,11876,16809,2,64,76,152,2511224,212,360,7784256
38,treeDb_last,37475,15862,21613,2,64,76,152,3287512,208,364,10136276
39,all,195874,89931,105943,2,64,78,156,17598678,204,408,55873012
39,treeDb_first,35871,15356,20515,2,64,78,156,3223134,204,408,10167244
39,treeDb_firstlastmaxtile,35134,18340,16794,2,64,78,156,3158396,224,376,10070256
39,treeDb_firstlastprogress,26912,11202,15710,2,64,78,156,2415896,216,368,7686996
39,treeDb_followMaxTile,35240,18357,16883,2,64,78,156,3167408,224,380,10097128
39,treeDb_followProgress,26846,11281,15565,2,64,78,156,2409202,224,376,7662044
39,treeDb_last,35871,15395,20476,2,64,78,156,3224642,224,380,10189344
40,all,185612,85876,99736,2,64,80,160,17082894,232,416,55474704
40,treeDb_first,34112,14676,19436,2,64,80,160,3139138,232,416,10129700
40,treeDb_firstlastmaxtile,33386,17590,15796,2,64,80,160,3074366,232,384,10019488
40,treeDb_firstlastprogress,25267,10615,14652,2,64,80,160,2324020,232,380,7568376
40,treeDb_followMaxTile,33473,17488,15985,2,64,80,160,3081954,232,380,10038848
40,treeDb_followProgress,25228,10639,14589,2,64,80,160,2319332,232,408,7551280
40,treeDb_last,34146,14868,19278,2,64,80,160,3144084,232,384,10167012
41,all,176013,82228,93785,2,64,82,164,16587796,236,424,54987520
41,treeDb_first,32413,14003,18410,2,64,82,164,3054462,236,416,10067736
41,treeDb_firstlastmaxtile,31714,16973,14741,2,64,82,164,2990652,236,412,9937600
41,treeDb_firstlastprogress,23825,9912,13913,2,64,82,164,2244030,236,384,7463740
41,treeDb_followMaxTile,31788,17061,14727,2,64,82,164,2997136,236,420,9953100
41,treeDb_followProgress,23798,9989,13809,2,64,82,164,2239780,236,412,7454036
41,treeDb_last,32475,14290,18185,2,64,82,164,3061736,236,424,10111308
42,all,166779,79454,87325,2,64,84,168,16089196,244,424,54341980
42,treeDb_first,30750,13766,16984,2,64,84,168,2966544,244,420,9974984
42,treeDb_firstlastmaxtile,30064,16516,13548,2,64,84,168,2902310,244,420,9823244
42,treeDb_firstlastprogress,22546,9464,13082,2,64,84,168,2173084,244,424,7353308
42,treeDb_followMaxTile,30142,16296,13846,2,64,84,168,2909620,244,424,9839056
42,treeDb_followProgress,22446,9540,12906,2,64,84,168,2161964,244,416,7329100
42,treeDb_last,30831,13872,16959,2,64,84,168,2975674,244,424,10022288
43,all,158736,75381,83355,2,64,86,172,15667628,248,428,53804724
43,treeDb_first,29366,13011,16355,2,64,86,172,2898882,248,428,9919408
43,treeDb_firstlastmaxtile,28662,15788,12874,2,64,86,172,2831356,252,428,9742600
43,treeDb_firstlastprogress,21327,8947,12380,2,64,86,172,2102362,256,428,7229480
43,treeDb_followMaxTile,28713,15736,12977,2,64,86,172,2835966,252,428,9748820
43,treeDb_followProgress,21206,8754,12452,2,64,86,172,2089236,252,424,7194164
43,treeDb_last,29462,13145,16317,2,64,86,172,2909826,248,428,9970252
44,all,151633,71172,80461,2,64,88,176,15305924,256,440,53312280
44,treeDb_first,28163,12428,15735,2,64,88,176,2843550,256,432,9875692
44,treeDb_firstlastmaxtile,27467,14963,12504,2,64,88,176,2775364,264,436,9687216
44,treeDb_firstlastprogress,20171,8234,11937,2,64,88,176,2032698,264,432,7078100
44,treeDb_followMaxTile,27521,14889,12632,2,64,88,176,2780088,264,432,9697732
44,treeDb_followProgress,20053,8248,11805,2,64,88,176,2019654,264,440,7043224
44,treeDb_last,28258,12410,15848,2,64,88,176,2854570,264,432,9930316
45,all,145610,66130,79480,2,64,90,180,15023356,268,448,52901268
45,treeDb_first,27153,11516,15637,2,64,90,180,2802718,268,448,9850648
45,treeDb_firstlastmaxtile,26500,14067,12433,2,64,90,180,2737158,268,436,9660064
45,treeDb_firstlastprogress,19102,7491,11611,2,64,90,180,1966684,268,436,6912588
45,treeDb_followMaxTile,26520,14083,12437,2,64,90,180,2738760,268,436,9664864
45,treeDb_followProgress,18999,7451,11548,2,64,90,180,1955132,268,440,6879552
45,treeDb_last,27336,11522,15814,2,64,90,180,2822904,268,436,9933552
46,all,140386,62157,78229,2,64,92,184,14793912,276,456,52499244
46,treeDb_first,26376,11017,15359,2,64,92,184,2781024,276,452,9859184
46,treeDb_firstlastmaxtile,25729,13317,12412,2,64,92,184,2714448,276,456,9657800
46,treeDb_firstlastprogress,18041,6864,11177,2,64,92,184,1896646,276,452,6711420
46,treeDb_followMaxTile,25712,13177,12535,2,64,92,184,2712200,276,456,9644436
46,treeDb_followProgress,18005,6768,11237,2,64,92,184,1891796,276,452,6702628
46,treeDb_last,26523,11014,15509,2,64,92,184,2797798,276,456,9923776
47,all,135427,58669,76758,2,64,94,188,14566318,280,460,51972972
47,treeDb_first,25715,10406,15309,2,64,94,188,2767366,280,456,9863696
47,treeDb_firstlastmaxtile,24994,12390,12604,2,64,94,188,2691652,280,460,9629796
47,treeDb_firstlastprogress,16991,6288,10703,2,64,94,188,1822866,280,456,6483900
47,treeDb_followMaxTile,24961,12661,12300,2,64,94,188,2687410,280,460,9609016
47,treeDb_followProgress,16949,6407,10542,2,64,94,188,1817364,280,456,6472296
47,treeDb_last,25817,10517,15300,2,64,94,188,2779660,280,460,9914268
48,all,130336,55218,75118,2,64,96,192,14300718,288,464,51254820
48,treeDb_first,25018,10046,14972,2,64,96,192,2746484,288,464,9834804
48,treeDb_firstlastmaxtile,24217,11844,12373,2,64,96,192,2660372,288,464,9557808
48,treeDb_firstlastprogress,15874,5713,10161,2,64,96,192,1736942,288,460,6208916
48,treeDb_followMaxTile,24237,11909,12328,2,64,96,192,2662136,288,464,9556440
48,treeDb_followProgress,15832,5729,10103,2,64,96,192,1731364,288,460,6196784
48,treeDb_last,25158,9977,15181,2,64,96,192,2763420,288,464,9900068
49,all,125198,51934,73264,2,64,98,196,14009254,300,472,50432172
49,treeDb_first,24299,9523,14776,2,64,98,196,2720570,300,468,9783988
49,treeDb_firstlastmaxtile,23457,11320,12137,2,64,98,196,2627918,300,472,9477060
49,treeDb_firstlastprogress,14821,5270,9551,2,64,98,196,1653856,304,468,5943780
49,treeDb_followMaxTile,23454,11165,12289,2,64,98,196,2627042,300,468,9468636
49,treeDb_followProgress,14759,5134,9625,2,64,98,196,1645894,304,468,5920632
49,treeDb_last,24408,9522,14886,2,64,98,196,2733974,300,468,9838076
50,all,119939,48672,71267,2,64,100,200,13681396,308,476,49470212
50,treeDb_first,23522,8978,14544,2,64,100,200,2684700,308,472,9695344
50,treeDb_firstlastmaxtile,22686,10632,12054,2,64,100,200,2590846,308,472,9377684
50,treeDb_firstlastprogress,13716,4750,8966,2,64,100,200,1560382,308,472,5641916
50,treeDb_followMaxTile,22665,10578,12087,2,64,100,200,2587682,308,476,9362672
50,treeDb_followProgress,13674,4644,9030,2,64,100,200,1554594,308,472,5625116
50,treeDb_last,23676,9090,14586,2,64,100,200,2703192,308,476,9767480
51,all,114664,45821,68843,2,64,102,204,13328338,316,480,48403624
51,treeDb_first,22738,8527,14211,2,64,102,204,2644476,316,476,9588112
51,treeDb_firstlastmaxtile,21844,10114,11730,2,64,102,204,2541478,316,480,9234828
51,treeDb_firstlastprogress,12694,4238,8456,2,64,102,204,1472062,324,480,5354920
51,treeDb_followMaxTile,21864,10012,11852,2,64,102,204,2543488,316,476,9238064
51,treeDb_followProgress,12652,4323,8329,2,64,102,204,1466118,324,480,5335036
51,treeDb_last,22872,8607,14265,2,64,102,204,2660716,316,476,9652664
52,all,109343,43170,66173,2,64,104,208,12945218,332,492,47188024
52,treeDb_first,21926,8218,13708,2,64,104,208,2597082,332,480,9449728
52,treeDb_firstlastmaxtile,20977,9428,11549,2,64,104,208,2485588,332,492,9060004
52,treeDb_firstlastprogress,11760,3973,7787,2,64,104,208,1389242,344,484,5081420
52,treeDb_followMaxTile,20985,9508,11477,2,64,104,208,2486396,332,492,9057412
52,treeDb_followProgress,11666,3921,7745,2,64,104,208,1377052,344,488,5037924
52,treeDb_last,22029,8122,13907,2,64,104,208,2609858,332,492,9501536
53,all,103732,40273,63459,2,64,106,212,12502934,348,524,45727092
53,treeDb_first,20956,7553,13403,2,64,106,212,2526950,348,500,9222216
53,treeDb_firstlastmaxtile,19964,8970,10994,2,64,106,212,2407918,348,524,8803676
53,treeDb_firstlastprogress,10895,3587,7308,2,64,106,212,1310498,352,492,4816692
53,treeDb_followMaxTile,20011,8949,11062,2,64,106,212,2413394,348,496,8817888
53,treeDb_followProgress,10813,3605,7208,2,64,106,212,1299870,352,520,4776988
53,treeDb_last,21093,7609,13484,2,64,106,212,2544304,348,496,9289632
54,all,97677,37313,60364,2,64,108,216,11981824,356,592,43952820
54,treeDb_first,19873,7080,12793,2,64,108,216,2438458,356,532,8924540
54,treeDb_firstlastmaxtile,18860,8363,10497,2,64,108,216,2314978,356,592,8486464
54,treeDb_firstlastprogress,10015,3180,6835,2,64,108,216,1226056,356,524,4524512
54,treeDb_followMaxTile,19010,8334,10676,2,64,108,216,2333258,356,528,8547328
54,treeDb_followProgress,9945,3163,6782,2,64,108,216,1216918,356,524,4490676
54,treeDb_last,19974,7193,12781,2,64,108,216,2452156,356,532,8979300
55,all,91340,34773,56567,2,64,110,220,11401928,360,596,41940188
55,treeDb_first,18664,6774,11890,2,64,110,220,2330536,360,596,8553728
55,treeDb_firstlastmaxtile,17764,7734,10030,2,64,110,220,2218942,364,592,8155056
55,treeDb_firstlastprogress,9155,2891,6264,2,64,110,220,1140182,372,532,4221116
55,treeDb_followMaxTile,17880,7737,10143,2,64,110,220,2233408,364,536,8203708
55,treeDb_followProgress,9076,2878,6198,2,64,110,220,1130078,372,532,4183424
55,treeDb_last,18801,6759,12042,2,64,110,220,2348782,372,596,8623156
56,all,85044,32089,52955,2,128,112,224,10801276,368,732,39838276
56,treeDb_first,17488,6249,11239,2,64,112,224,2222226,368,596,8178904
56,treeDb_firstlastmaxtile,16600,7212,9388,2,128,112,224,2109820,376,732,7776828
56,treeDb_firstlastprogress,8336,2527,5809,2,64,112,224,1055996,376,596,3919616
56,treeDb_followMaxTile,16718,7219,9499,2,64,112,224,2124638,376,608,7827008
56,treeDb_followProgress,8242,2490,5752,2,64,112,224,1043842,376,540,3873196
56,treeDb_last,17660,6392,11268,2,64,112,224,2244754,376,608,8262724
57,all,78731,29221,49510,2,128,114,228,10171980,380,736,37623036
57,treeDb_first,16285,5811,10474,2,64,114,228,2105190,380,608,7772288
57,treeDb_firstlastmaxtile,15498,6668,8830,2,128,114,228,2004212,384,732,7408076
57,treeDb_firstlastprogress,7492,2127,5365,2,64,114,228,964886,384,612,3590380
57,treeDb_followMaxTile,15564,6574,8990,2,128,114,228,2012354,380,736,7436668
57,treeDb_followProgress,7428,2182,5246,2,64,114,228,956120,388,604,3555328
57,treeDb_last,16464,5859,10605,2,128,114,228,2129218,380,736,7860296
58,all,72617,26142,46475,2,128,116,232,9541712,388,744,35372492
58,treeDb_first,15147,5212,9935,2,64,116,232,1991770,388,616,7371724
58,treeDb_firstlastmaxtile,14407,5923,8484,2,128,116,232,1895064,400,740,7023288
58,treeDb_firstlastprogress,6668,1828,4840,2,128,116,232,872728,400,744,3251636
58,treeDb_followMaxTile,14471,6015,8456,2,128,116,232,1903348,388,740,7050924
58,treeDb_followProgress,6624,1808,4816,2,128,116,232,866496,400,740,3226880
58,treeDb_last,15300,5356,9944,2,128,116,232,2012306,388,740,7448040
59,all,66968,23319,43649,2,128,118,236,8946728,396,760,33226204
59,treeDb_first,14129,4756,9373,2,128,118,236,1889164,396,744,7006464
59,treeDb_firstlastmaxtile,13422,5337,8085,2,128,118,236,1795290,404,744,6665376
59,treeDb_firstlastprogress,5880,1544,4336,2,128,118,236,781710,404,760,2915628
59,treeDb_followMaxTile,13461,5444,8017,2,128,118,236,1800308,404,744,6683676
59,treeDb_followProgress,5883,1588,4295,2,128,118,236,781924,408,744,2914756
59,treeDb_last,14193,4650,9543,2,128,118,236,1898332,404,740,7040304
60,all,61467,20907,40560,2,128,120,240,8345324,408,764,31040844
60,treeDb_first,13151,4264,8887,2,128,120,240,1787116,408,752,6640068
60,treeDb_firstlastmaxtile,12502,4889,7613,2,128,120,240,1699490,416,752,6319544
60,treeDb_firstlastprogress,5105,1255,3850,2,128,120,240,689368,412,764,2573464
60,treeDb_followMaxTile,12482,4936,7546,2,128,120,240,1696302,408,764,6309556
60,treeDb_followProgress,5109,1270,3839,2,128,120,240,689766,428,752,2574256
60,treeDb_last,13118,4293,8825,2,128,120,240,1783282,412,748,6623956
61,all,56163,18835,37328,2,128,122,244,7744604,412,768,28869120
61,treeDb_first,12138,3859,8279,2,128,122,244,1675268,416,756,6236088
61,treeDb_firstlastmaxtile,11558,4465,7093,2,128,122,244,1595588,424,760,5948252
61,treeDb_firstlastprogress,4368,1081,3287,2,128,122,244,598896,420,768,2243076
61,treeDb_followMaxTile,11570,4501,7069,2,128,122,244,1597134,412,764,5953532
61,treeDb_followProgress,4414,1120,3294,2,128,122,244,605016,460,756,2262404
61,treeDb_last,12115,3809,8306,2,128,122,244,1672702,416,752,6225768
62,all,50720,16951,33769,2,128,124,248,7101826,420,772,26559536
62,treeDb_first,11070,3516,7554,2,128,124,248,1551134,448,768,5791364
62,treeDb_firstlastmaxtile,10559,4012,6547,2,128,124,248,1480088,440,772,5536988
62,treeDb_firstlastprogress,3713,942,2771,2,128,124,248,517044,436,772,1946388
62,treeDb_followMaxTile,10572,4078,6494,2,128,124,248,1481674,420,768,5540688
62,treeDb_followProgress,3739,907,2832,2,128,124,248,520682,480,768,1955724
62,treeDb_last,11067,3496,7571,2,128,124,248,1551204,424,772,5788384
63,all,90858,30758,60100,2,128,126,252,12917056,452,780,48573688
63,treeDb_first,19958,6326,13632,2,128,126,252,2838812,452,776,10645096
63,treeDb_firstlastmaxtile,19178,7402,11776,2,128,126,252,2729240,452,780,10267088
63,treeDb_firstlastprogress,6310,1586,4724,2,128,126,252,892980,468,776,3388872
63,treeDb_followMaxTile,19132,7488,11644,2,128,126,252,2721388,468,776,10237120
63,treeDb_followProgress,6244,1574,4670,2,128,126,252,883616,484,776,3350168
63,treeDb_last,20036,6382,13654,2,128,126,252,2851020,456,776,10685344
64,all,40387,13842,26545,2,128,128,256,5829118,460,784,22112576
64,treeDb_first,8900,2828,6072,2,128,128,256,1285142,460,780,4853824
64,treeDb_firstlastmaxtile,8548,3368,5180,2,128,128,256,1234860,464,784,4684904
64,treeDb_firstlastprogress,2697,724,1973,2,128,128,256,387816,492,780,1493044
64,treeDb_followMaxTile,8605,3343,5262,2,128,128,256,1242282,476,784,4715316
64,treeDb_followProgress,2678,709,1969,2,128,128,256,384954,496,780,1482064
64,treeDb_last,8959,2870,6089,2,128,128,256,1294064,464,784,4883424
65,all,35526,12266,23260,2,128,130,260,5207112,464,792,19991348
65,treeDb_first,7852,2483,5369,2,128,130,260,1151304,464,788,4394324
65,treeDb_firstlastmaxtile,7606,3023,4583,2,128,130,260,1115514,480,792,4278036
65,treeDb_firstlastprogress,2300,589,1711,2,128,130,260,336402,496,784,1323044
65,treeDb_followMaxTile,7603,3075,4528,2,128,130,260,1114404,492,788,4278884
65,treeDb_followProgress,2279,621,1658,2,128,130,260,332864,508,784,1308448
65,treeDb_last,7886,2475,5411,2,128,130,260,1156624,496,788,4408612
66,all,31379,10926,20453,2,128,132,264,4670576,500,792,18196076
66,treeDb_first,6932,2227,4705,2,128,132,264,1032328,512,792,3990376
66,treeDb_firstlastmaxtile,6766,2695,4071,2,128,132,264,1007348,504,792,3918640
66,treeDb_firstlastprogress,2007,592,1415,2,128,132,264,298230,504,788,1201692
66,treeDb_followMaxTile,6761,2651,4110,2,128,132,264,1006246,500,792,3918736
66,treeDb_followProgress,1979,517,1462,2,128,132,264,293642,516,788,1181808
66,treeDb_last,6934,2244,4690,2,128,132,264,1032782,504,792,3984824
67,all,27844,9612,18232,2,128,134,268,4209064,520,808,16683720
67,treeDb_first,6128,1912,4216,2,128,134,268,926896,532,808,3633436
67,treeDb_firstlastmaxtile,6010,2370,3640,2,128,134,268,908774,520,796,3597468
67,treeDb_firstlastprogress,1791,485,1306,2,128,134,268,270284,520,796,1118800
67,treeDb_followMaxTile,6016,2398,3618,2,128,134,268,909102,520,796,3601112
67,treeDb_followProgress,1742,509,1233,2,128,134,268,262634,532,792,1086380
67,treeDb_last,6157,1938,4219,2,128,134,268,931374,532,808,3646524
68,all,24905,8709,16196,2,128,136,272,3822902,536,816,15438644
68,treeDb_first,5437,1738,3699,2,128,136,272,835074,536,816,3329844
68,treeDb_firstlastmaxtile,5367,2158,3209,2,128,136,272,823742,536,812,3319544
68,treeDb_firstlastprogress,1595,466,1129,2,128,136,272,244436,536,808,1038488
68,treeDb_followMaxTile,5415,2172,3243,2,128,136,272,830994,536,812,3350128
68,treeDb_followProgress,1578,438,1140,2,128,136,272,241656,536,796,1026860
68,treeDb_last,5513,1737,3776,2,128,136,272,847000,536,816,3373780
69,all,22461,8201,14260,2,128,138,276,3500332,540,848,14414008
69,treeDb_first,4895,1613,3282,2,128,138,276,763500,540,844,3098820
69,treeDb_firstlastmaxtile,4848,1992,2856,2,128,138,276,755454,540,848,3101916
69,treeDb_firstlastprogress,1462,444,1018,2,128,138,276,227484,544,808,990888
69,treeDb_followMaxTile,4894,2050,2844,2,128,138,276,762384,540,816,3129564
69,treeDb_followProgress,1423,420,1003,2,128,138,276,221158,544,804,966816
69,treeDb_last,4939,1682,3257,2,128,138,276,770352,544,844,3126004
70,all,20460,7594,12866,2,128,140,280,3235056,548,852,13562252
70,treeDb_first,4412,1455,2957,2,128,140,280,698186,548,852,2886300
70,treeDb_firstlastmaxtile,4420,1886,2534,2,128,140,280,698672,548,848,2916092
70,treeDb_firstlastprogress,1345,387,958,2,128,140,280,212434,560,840,943564
70,treeDb_followMaxTile,4482,1903,2579,2,128,140,280,708274,548,824,2958072
70,treeDb_followProgress,1309,400,909,2,128,140,280,206414,552,824,921060
70,treeDb_last,4492,1563,2929,2,128,140,280,711076,548,844,2937164
71,all,18756,7078,11678,2,128,142,284,3007118,556,860,12830008
71,treeDb_first,4006,1442,2564,2,128,142,284,642864,556,856,2706440
71,treeDb_firstlastmaxtile,4056,1704,2352,2,128,142,284,650160,556,860,2760392
71,treeDb_firstlastprogress,1247,397,850,2,128,142,284,199744,564,844,904324
71,treeDb_followMaxTile,4105,1735,2370,2,128,142,284,657786,564,848,2796236
71,treeDb_followProgress,1226,349,877,2,128,142,284,195990,564,848,886796
71,treeDb_last,4116,1451,2665,2,128,142,284,660574,556,856,2775820
72,all,17323,6688,10635,2,128,144,288,2815016,568,864,12197552
72,treeDb_first,3692,1331,2361,2,128,144,288,600350,568,864,2568412
72,treeDb_firstlastmaxtile,3758,1669,2089,2,128,144,288,610612,568,864,2633864
72,treeDb_firstlastprogress,1163,331,832,2,128,144,288,188762,572,856,865472
72,treeDb_followMaxTile,3790,1683,2107,2,128,144,288,615638,568,856,2656332
72,treeDb_followProgress,1141,324,817,2,128,144,288,184908,568,856,847552
72,treeDb_last,3779,1350,2429,2,128,144,288,614746,568,860,2625920
73,all,15979,6076,9903,2,128,146,292,2630784,572,880,11573188
73,treeDb_first,3407,1176,2231,2,128,146,292,561218,572,868,2437552
73,treeDb_firstlastmaxtile,3478,1501,1977,2,128,146,292,572520,572,880,2507584
73,treeDb_firstlastprogress,1075,316,759,2,128,146,292,176812,580,856,819372
73,treeDb_followMaxTile,3504,1532,1972,2,128,146,292,576618,576,864,2527192
73,treeDb_followProgress,1064,299,765,2,128,146,292,174860,576,860,808744
73,treeDb_last,3451,1252,2199,2,128,146,292,568756,576,864,2472744
74,all,14728,5492,9236,2,128,148,296,2456096,580,884,10944076
74,treeDb_first,3139,1107,2032,2,128,148,296,523694,580,884,2307096
74,treeDb_firstlastmaxtile,3198,1344,1854,2,128,148,296,533198,580,880,2364980
74,treeDb_firstlastprogress,999,262,737,2,128,148,296,166418,596,868,775908
74,treeDb_followMaxTile,3208,1378,1830,2,128,148,296,534668,580,872,2375832
74,treeDb_followProgress,1001,261,740,2,128,148,296,166696,596,872,775840
74,treeDb_last,3183,1140,2043,2,128,148,296,531422,584,880,2344420
75,all,13530,5256,8274,2,128,150,300,2285396,588,888,10308516
75,treeDb_first,2864,1039,1825,2,128,150,300,484028,588,888,2163112
75,treeDb_firstlastmaxtile,2942,1298,1644,2,128,150,300,496922,588,884,2231668
75,treeDb_firstlastprogress,920,265,655,2,128,150,300,155198,600,884,727896
75,treeDb_followMaxTile,2960,1314,1646,2,128,150,300,499612,588,876,2249728
75,treeDb_followProgress,922,234,688,2,128,150,300,155470,612,888,727936
75,treeDb_last,2922,1106,1816,2,128,150,300,494166,600,888,2208176
76,all,12434,4629,7805,2,128,152,304,2127556,604,896,9700392
76,treeDb_first,2611,927,1684,2,128,152,304,447064,604,892,2023224
76,treeDb_firstlastmaxtile,2696,1126,1570,2,128,152,304,461364,604,896,2095160
76,treeDb_firstlastprogress,857,210,647,2,128,152,304,146392,628,888,687940
76,treeDb_followMaxTile,2749,1212,1537,2,128,152,304,470020,604,880,2139944
76,treeDb_followProgress,856,228,628,2,128,152,304,146248,620,892,686684
76,treeDb_last,2665,926,1739,2,128,152,304,456468,604,892,2067440
77,all,11417,4296,7121,2,128,154,308,1978594,608,900,9118180
77,treeDb_first,2374,838,1536,2,128,154,308,411712,612,900,1887240
77,treeDb_firstlastmaxtile,2482,1117,1365,2,128,154,308,430050,608,900,1975320
77,treeDb_firstlastprogress,783,224,559,2,128,154,308,135432,636,892,638544
77,treeDb_followMaxTile,2528,1073,1455,2,128,154,308,437794,608,900,2017180
77,treeDb_followProgress,804,205,599,2,128,154,308,139124,628,900,654104
77,treeDb_last,2446,839,1607,2,128,154,308,424482,608,900,1945792
78,all,10596,3804,6792,2,128,156,312,1859892,628,904,8646108
78,treeDb_first,2190,702,1488,2,128,156,312,384660,640,904,1781548
78,treeDb_firstlastmaxtile,2307,963,1344,2,128,156,312,404962,640,904,1876948
78,treeDb_firstlastprogress,733,187,546,2,128,156,312,128384,640,896,607312
78,treeDb_followMaxTile,2350,1021,1329,2,128,156,312,412294,640,900,1917552
78,treeDb_followProgress,749,172,577,2,128,156,312,131224,640,900,618128
78,treeDb_last,2267,759,1508,2,128,156,312,398368,628,904,1844620
79,all,9853,3613,6240,2,128,158,316,1751284,644,908,8199484
79,treeDb_first,2033,718,1315,2,128,158,316,361612,644,908,1689224
79,treeDb_firstlastmaxtile,2161,921,1240,2,128,158,316,384146,644,908,1795268
79,treeDb_firstlastprogress,672,154,518,2,128,158,316,119094,648,904,564744
79,treeDb_followMaxTile,2196,944,1252,2,128,158,316,390130,644,904,1826580
79,treeDb_followProgress,691,161,530,2,128,158,316,122518,648,904,577884
79,treeDb_last,2100,715,1385,2,128,158,316,373784,644,908,1745784
80,all,9220,3320,5900,2,128,160,320,1659010,648,912,7812496
80,treeDb_first,1919,636,1283,2,128,160,320,345620,652,912,1624028
80,treeDb_firstlastmaxtile,2029,840,1189,2,128,160,320,365118,648,912,1718360
80,treeDb_firstlastprogress,616,157,459,2,128,160,320,110538,652,908,525060
80,treeDb_followMaxTile,2077,879,1198,2,128,160,320,373542,652,912,1758596
80,treeDb_followProgress,625,157,468,2,128,160,320,112184,652,908,531244
80,treeDb_last,1954,651,1303,2,128,160,320,352008,652,912,1655208
81,all,8655,3084,5571,2,128,162,324,1576228,656,928,7446364
81,treeDb_first,1814,595,1219,2,128,162,324,330592,660,924,1559604
81,treeDb_firstlastmaxtile,1922,812,1110,2,128,162,324,350244,656,916,1652168
81,treeDb_firstlastprogress,566,122,444,2,128,162,324,102816,660,912,488944
81,treeDb_followMaxTile,1960,805,1155,2,128,162,324,356720,656,928,1684044
81,treeDb_followProgress,561,139,422,2,128,162,324,101916,672,912,483908
81,treeDb_last,1832,611,1221,2,128,162,324,333940,660,916,1577696
82,all,8123,2902,5221,2,128,164,328,1496758,664,960,7083172
82,treeDb_first,1721,567,1154,2,128,164,328,317326,672,960,1499272
82,treeDb_firstlastmaxtile,1816,760,1056,2,128,164,328,334908,664,932,1583120
82,treeDb_firstlastprogress,507,120,387,2,128,164,328,93156,676,916,443348
82,treeDb_followMaxTile,1848,767,1081,2,128,164,328,340238,664,932,1609700
82,treeDb_followProgress,494,127,367,2,128,164,328,90724,676,916,432060
82,treeDb_last,1737,561,1176,2,128,164,328,320406,672,932,1515672
83,all,7618,2669,4949,2,128,166,332,1419780,676,964,6718852
83,treeDb_first,1631,528,1103,2,128,166,332,304198,676,964,1436852
83,treeDb_firstlastmaxtile,1713,701,1012,2,128,166,332,319542,676,936,1510236
83,treeDb_firstlastprogress,458,108,350,2,128,166,332,85146,744,932,405632
83,treeDb_followMaxTile,1747,693,1054,2,128,166,332,325380,676,940,1540020
83,treeDb_followProgress,438,98,340,2,128,166,332,81306,684,932,387644
83,treeDb_last,1631,541,1090,2,128,166,332,304208,680,940,1438468
84,all,7062,2453,4609,2,128,168,336,1331118,684,972,6295104
84,treeDb_first,1501,483,1018,2,128,168,336,283122,684,972,1337552
84,treeDb_firstlastmaxtile,1601,653,948,2,128,168,336,302082,684,940,1426700
84,treeDb_firstlastprogress,409,88,321,2,128,168,336,76894,760,940,365704
84,treeDb_followMaxTile,1649,638,1011,2,128,168,336,310660,684,972,1469076
84,treeDb_followProgress,392,88,304,2,128,168,336,73552,744,968,350864
84,treeDb_last,1510,503,1007,2,128,168,336,284808,684,972,1345208
85,all,6552,2305,4247,2,128,170,340,1248902,692,1032,5901572
85,treeDb_first,1394,521,873,2,128,170,340,266016,708,976,1255468
85,treeDb_firstlastmaxtile,1487,569,918,2,128,170,340,283698,692,972,1338764
85,treeDb_firstlastprogress,374,71,303,2,128,170,340,71106,784,968,337924
85,treeDb_followMaxTile,1541,610,931,2,128,170,340,293594,716,976,1386984
85,treeDb_followProgress,350,66,284,2,128,170,340,66352,768,1032,316480
85,treeDb_last,1406,468,938,2,128,170,340,268136,692,972,1265952
86,all,6046,2043,4003,2,128,172,344,1165710,700,1036,5500588
86,treeDb_first,1290,396,894,2,128,172,344,249086,740,976,1173656
86,treeDb_firstlastmaxtile,1367,549,818,2,128,172,344,263728,700,980,1243216
86,treeDb_firstlastprogress,340,52,288,2,128,172,344,65404,796,1032,310200
86,treeDb_followMaxTile,1450,593,857,2,128,172,344,279406,724,1036,1318316
86,treeDb_followProgress,309,50,259,2,128,172,344,59258,784,1032,282064
86,treeDb_last,1290,403,887,2,128,172,344,248828,728,984,1173136
87,all,5498,1933,3565,2,128,174,348,1072208,716,1040,5053352
87,treeDb_first,1173,402,771,2,128,174,348,229046,744,984,1078208
87,treeDb_firstlastmaxtile,1261,505,756,2,128,174,348,246094,716,984,1158712
87,treeDb_firstlastprogress,289,62,227,2,128,174,348,56170,804,1040,266584
87,treeDb_followMaxTile,1329,506,823,2,128,174,348,259080,740,1040,1220308
87,treeDb_followProgress,275,55,220,2,128,174,348,53334,880,1032,253340
87,treeDb_last,1171,403,768,2,128,174,348,228484,740,988,1076200
88,all,4989,1672,3317,2,128,176,352,983832,744,1056,4632140
88,treeDb_first,1056,322,734,2,128,176,352,208488,752,988,980292
88,treeDb_firstlastmaxtile,1154,455,699,2,128,176,352,227718,748,1048,1070988
88,treeDb_firstlastprogress,258,39,219,2,128,176,352,50680,888,1056,240084
88,treeDb_followMaxTile,1211,475,736,2,128,176,352,238780,744,1052,1124024
88,treeDb_followProgress,241,41,200,2,128,176,352,47252,884,1036,223924
88,treeDb_last,1069,340,729,2,128,176,352,210914,744,992,992828
89,all,4525,1429,3096,2,128,178,356,902124,752,1076,4242824
89,treeDb_first,960,289,671,2,128,178,356,191666,808,1056,900384
89,treeDb_firstlastmaxtile,1060,391,669,2,128,178,356,211518,796,1056,993784
89,treeDb_firstlastprogress,230,30,200,2,128,178,356,45656,892,1076,215712
89,treeDb_followMaxTile,1085,382,703,2,128,178,356,216270,752,1056,1017272
89,treeDb_followProgress,208,31,177,2,128,178,356,41196,892,1056,195320
89,treeDb_last,982,306,676,2,128,178,356,195818,752,1052,920352
90,all,4122,1333,2789,2,128,180,360,830458,760,1076,3900928
90,treeDb_first,877,245,632,2,128,180,360,176916,812,1060,829856
90,treeDb_firstlastmaxtile,973,372,601,2,128,180,360,196202,804,1060,920232
90,treeDb_firstlastprogress,196,27,169,2,128,180,360,39286,900,1076,185752
90,treeDb_followMaxTile,997,401,596,2,128,180,360,200900,816,1056,944008
90,treeDb_followProgress,180,26,154,2,128,180,360,36052,896,1064,170768
90,treeDb_last,899,262,637,2,128,180,360,181102,760,1056,850312
91,all,3694,1156,2538,2,128,182,364,752282,816,1084,3529440
91,treeDb_first,774,235,539,2,128,182,364,157856,816,1064,739764
91,treeDb_firstlastmaxtile,884,335,549,2,128,182,364,180070,820,1068,843664
91,treeDb_firstlastprogress,165,14,151,2,128,182,364,33466,904,1080,158328
91,treeDb_followMaxTile,908,314,594,2,128,182,364,184960,824,1064,867652
91,treeDb_followProgress,156,27,129,2,128,182,364,31622,900,1084,149720
91,treeDb_last,807,231,576,2,128,182,364,164308,820,1056,770312
92,all,3285,1010,2275,2,128,184,368,675876,824,1084,3169448
92,treeDb_first,695,197,498,2,128,184,368,143228,828,1084,670388
92,treeDb_firstlastmaxtile,792,265,527,2,128,184,368,163030,824,1084,763308
92,treeDb_firstlastprogress,142,20,122,2,128,184,368,29118,924,1080,138024
92,treeDb_followMaxTile,809,288,521,2,128,184,368,166394,904,1080,780244
92,treeDb_followProgress,125,21,104,2,128,184,368,25588,908,1084,121560
92,treeDb_last,722,219,503,2,128,184,368,148518,828,1068,695924
93,all,2904,873,2031,2,128,186,372,603710,828,1088,2829984
93,treeDb_first,623,187,436,2,128,186,372,129776,836,1084,606724
93,treeDb_firstlastmaxtile,703,244,459,2,128,186,372,146146,828,1088,684536
93,treeDb_firstlastprogress,121,18,103,2,128,186,372,25068,940,1084,119080
93,treeDb_followMaxTile,710,228,482,2,128,186,372,147522,912,1088,691580
93,treeDb_followProgress,109,13,96,2,128,186,372,22568,912,1084,106896
93,treeDb_last,638,183,455,2,128,186,372,132630,832,1072,621168
94,all,2559,766,1793,2,128,188,376,537552,836,1096,2521088
94,treeDb_first,553,128,425,2,128,188,376,116376,840,1096,544040
94,treeDb_firstlastmaxtile,611,212,399,2,128,188,376,128312,836,1088,601172
94,treeDb_firstlastprogress,108,15,93,2,128,188,376,22650,956,1088,108036
94,treeDb_followMaxTile,630,229,401,2,128,188,376,132312,928,1092,619780
94,treeDb_followProgress,98,12,86,2,128,188,376,20498,936,1092,97804
94,treeDb_last,559,170,389,2,128,188,376,117404,840,1092,550256
95,all,2225,641,1584,2,128,190,380,472270,840,1100,2216696
95,treeDb_first,474,138,336,2,128,190,380,100826,840,1100,471172
95,treeDb_firstlastmaxtile,518,163,355,2,128,190,380,109804,840,1092,515324
95,treeDb_firstlastprogress,94,11,83,2,128,190,380,19948,964,1092,95640
95,treeDb_followMaxTile,558,180,378,2,128,190,380,118428,960,1096,554968
95,treeDb_followProgress,89,11,78,2,128,190,380,18826,960,1096,90084
95,treeDb_last,492,138,354,2,128,190,380,104438,856,1092,489508
96,all,1932,596,1336,2,128,192,384,414566,848,1116,1948032
96,treeDb_first,419,122,297,2,128,192,384,90116,888,1116,421128
96,treeDb_firstlastmaxtile,458,168,290,2,128,192,384,98098,848,1100,460612
96,treeDb_firstlastprogress,75,4,71,2,128,192,384,16126,972,1096,77892
96,treeDb_followMaxTile,481,171,310,2,128,192,384,103144,964,1096,484260
96,treeDb_followProgress,77,16,61,2,128,192,384,16454,964,1100,79128
96,treeDb_last,422,115,307,2,128,192,384,90628,860,1096,425012
97,all,1688,498,1190,2,128,194,388,366274,864,1120,1723244
97,treeDb_first,357,104,253,2,128,194,388,77638,896,1116,363080
97,treeDb_firstlastmaxtile,410,142,268,2,128,194,388,88830,864,1120,417028
97,treeDb_firstlastprogress,63,6,57,2,128,194,388,13678,976,1104,66400
97,treeDb_followMaxTile,421,133,288,2,128,194,388,91344,972,1104,429496
97,treeDb_followProgress,68,8,60,2,128,194,388,14710,972,1104,70924
97,treeDb_last,369,105,264,2,128,194,388,80074,892,1104,376316
98,all,1473,423,1050,2,128,196,392,322874,896,1156,1521916
98,treeDb_first,316,90,226,2,128,196,392,69428,980,1156,325432
98,treeDb_firstlastmaxtile,358,121,237,2,128,196,392,78356,896,1124,368640
98,treeDb_firstlastprogress,54,2,52,2,128,196,392,11812,992,1104,57680
98,treeDb_followMaxTile,363,119,244,2,128,196,392,79528,976,1112,374312
98,treeDb_followProgress,58,6,52,2,128,196,392,12692,988,1120,61500
98,treeDb_last,324,85,239,2,128,196,392,71058,904,1112,334352
99,all,1296,386,910,2,128,198,396,287156,904,1156,1354384
99,treeDb_first,277,81,196,2,128,198,396,61552,988,1156,288520
99,treeDb_firstlastmaxtile,305,101,204,2,128,198,396,67546,916,1128,318092
99,treeDb_firstlastprogress,50,9,41,2,128,198,396,11036,1000,1120,54072
99,treeDb_followMaxTile,320,107,213,2,128,198,396,70806,984,1128,333564
99,treeDb_followProgress,50,4,46,2,128,198,396,11052,996,1120,53636
99,treeDb_last,294,84,210,2,128,198,396,65164,904,1116,306500
100,all,1158,342,816,2,128,200,400,259068,924,1160,1222284
100,treeDb_first,237,68,169,2,128,200,400,53214,1000,1160,249460
100,treeDb_firstlastmaxtile,284,96,188,2,128,200,400,63522,924,1128,299060
100,treeDb_firstlastprogress,45,8,37,2,128,200,400,10016,1016,1152,49344
100,treeDb_followMaxTile,291,84,207,2,128,200,400,65020,992,1132,306096
100,treeDb_followProgress,46,5,41,2,128,200,400,10270,1004,1124,49916
100,treeDb_last,255,81,174,2,128,200,400,57026,992,1136,268408
101,all,1031,245,786,2,128,202,404,232936,1004,1164,1098804
101,treeDb_first,213,45,168,2,128,202,404,48282,1004,1164,226792
101,treeDb_firstlastmaxtile,248,69,179,2,128,202,404,56014,1004,1136,263704
101,treeDb_firstlastprogress,40,5,35,2,128,202,404,8990,1048,1156,44096
101,treeDb_followMaxTile,259,69,190,2,128,202,404,58446,1004,1136,274768
101,treeDb_followProgress,41,3,38,2,128,202,404,9246,1012,1132,44864
101,treeDb_last,230,54,176,2,128,202,404,51958,1004,1136,244580
102,all,895,252,643,2,128,204,408,204066,1008,1172,963056
102,treeDb_first,184,53,131,2,128,204,408,42124,1012,1172,197840
102,treeDb_firstlastmaxtile,217,71,146,2,128,204,408,49410,1012,1140,233056
102,treeDb_firstlastprogress,37,4,33,2,128,204,408,8388,1052,1160,41060
102,treeDb_followMaxTile,227,62,165,2,128,204,408,51712,1012,1140,243228
102,treeDb_followProgress,34,4,30,2,128,204,408,7738,1012,1132,37448
102,treeDb_last,196,58,138,2,128,204,408,44694,1008,1148,210424
103,all,766,190,576,2,128,206,412,176318,1016,1192,831820
103,treeDb_first,160,39,121,2,128,206,412,36922,1020,1192,173648
103,treeDb_firstlastmaxtile,186,44,142,2,128,206,412,42766,1020,1148,201608
103,treeDb_firstlastprogress,31,3,28,2,128,206,412,7084,1064,1140,34564
103,treeDb_followMaxTile,193,50,143,2,128,206,412,44390,1032,1148,208868
103,treeDb_followProgress,28,3,25,2,128,206,412,6452,1060,1140,31124
103,treeDb_last,168,51,117,2,128,206,412,38704,1016,1148,182008
104,all,634,176,458,2,128,208,416,147362,1020,1192,695208
104,treeDb_first,126,39,87,2,128,208,416,29372,1036,1192,138392
104,treeDb_firstlastmaxtile,158,48,110,2,128,208,416,36678,1036,1152,172580
104,treeDb_firstlastprogress,27,1,26,2,128,208,416,6246,1064,1140,30284
104,treeDb_followMaxTile,153,48,105,2,128,208,416,35504,1036,1176,167288
104,treeDb_followProgress,24,3,21,2,128,208,416,5600,1080,1152,27004
104,treeDb_last,146,37,109,2,128,208,416,33962,1020,1176,159660
105,all,549,132,417,2,128,210,420,128658,1028,1192,607616
105,treeDb_first,110,25,85,2,128,210,420,25856,1040,1192,121848
105,treeDb_firstlastmaxtile,132,31,101,2,128,210,420,30882,1044,1152,145528
105,treeDb_firstlastprogress,25,1,24,2,128,210,420,5822,1068,1172,28224
105,treeDb_followMaxTile,130,31,99,2,128,210,420,30424,1044,1180,143404
105,treeDb_followProgress,21,0,21,2,128,210,420,4956,1084,1184,23848
105,treeDb_last,131,44,87,2,128,210,420,30718,1028,1184,144764
106,all,438,103,335,2,128,212,424,103542,1044,1204,489556
106,treeDb_first,84,28,56,2,128,212,424,19934,1064,1204,94188
106,treeDb_firstlastmaxtile,111,27,84,2,128,212,424,26204,1072,1180,123488
106,treeDb_firstlastprogress,23,1,22,2,128,212,424,5404,1076,1176,26144
106,treeDb_followMaxTile,96,21,75,2,128,212,424,22658,1060,1204,106964
106,treeDb_followProgress,15,1,14,2,128,212,424,3580,1088,1192,17224
106,treeDb_last,109,25,84,2,128,212,424,25762,1044,1200,121548
107,all,341,81,260,2,128,214,428,81252,1064,1208,384808
107,treeDb_first,70,17,53,2,128,214,428,16734,1076,1208,79124
107,treeDb_firstlastmaxtile,88,21,67,2,128,214,428,20952,1076,1188,98676
107,treeDb_firstlastprogress,18,1,17,2,128,214,428,4254,1092,1192,20656
107,treeDb_followMaxTile,70,15,55,2,128,214,428,16678,1068,1204,78828
107,treeDb_followProgress,11,1,10,2,128,214,428,2640,1096,1208,12728
107,treeDb_last,84,26,58,2,128,214,428,19994,1064,1200,94796
108,all,275,45,230,2,128,216,432,66152,1080,1216,313688
108,treeDb_first,58,11,47,2,128,216,432,14002,1080,1216,66276
108,treeDb_firstlastmaxtile,72,11,61,2,128,216,432,17294,1084,1196,81428
108,treeDb_firstlastprogress,14,0,14,2,128,216,432,3354,1124,1196,16260
108,treeDb_followMaxTile,54,10,44,2,128,216,432,12974,1080,1208,61472
108,treeDb_followProgress,8,0,8,2,128,216,432,1946,1156,1208,9416
108,treeDb_last,69,13,56,2,128,216,432,16582,1084,1212,78836
109,all,204,47,157,2,128,218,436,49550,1084,1220,236180
109,treeDb_first,46,15,31,2,128,218,436,11210,1084,1220,53388
109,treeDb_firstlastmaxtile,49,10,39,2,128,218,436,11874,1088,1216,56212
109,treeDb_firstlastprogress,11,0,11,2,128,218,436,2656,1148,1196,12920
109,treeDb_followMaxTile,37,8,29,2,128,218,436,8986,1088,1216,42748
109,treeDb_followProgress,8,0,8,2,128,218,436,1964,1160,1208,9452
109,treeDb_last,53,14,39,2,128,218,436,12860,1100,1216,61460
110,all,169,33,136,2,128,220,440,41448,1092,1240,197872
110,treeDb_first,41,6,35,2,128,220,440,10090,1092,1240,48048
110,treeDb_firstlastmaxtile,38,9,29,2,128,220,440,9306,1108,1224,44256
110,treeDb_firstlastprogress,9,0,9,2,128,220,440,2196,1156,1216,10692
110,treeDb_followMaxTile,28,4,24,2,128,220,440,6856,1108,1220,32732
110,treeDb_followProgress,8,1,7,2,128,220,440,1984,1168,1212,9504
110,treeDb_last,45,13,32,2,128,220,440,11016,1104,1224,52640
111,all,133,21,112,2,128,222,444,32944,1108,1240,157892
111,treeDb_first,33,8,25,2,128,222,444,8236,1112,1240,39356
111,treeDb_firstlastmaxtile,28,3,25,2,128,222,444,6934,1112,1228,33376
111,treeDb_firstlastprogress,6,0,6,2,128,222,444,1474,1172,1216,7132
111,treeDb_followMaxTile,20,4,16,2,128,222,444,4924,1112,1224,23688
111,treeDb_followProgress,5,0,5,2,128,222,444,1256,1176,1228,6028
111,treeDb_last,41,6,35,2,128,222,444,10120,1108,1240,48312
112,all,103,21,82,2,128,224,448,25758,1116,1244,123556
112,treeDb_first,27,6,21,2,128,224,448,6788,1176,1244,32488
112,treeDb_firstlastmaxtile,22,7,15,2,128,224,448,5508,1176,1232,26480
112,treeDb_firstlastprogress,4,0,4,2,128,224,448,996,1180,1224,4816
112,treeDb_followMaxTile,16,1,15,2,128,224,448,3980,1160,1228,19148
112,treeDb_followProgress,3,0,3,2,128,224,448,764,1176,1228,3628
112,treeDb_last,31,7,24,2,128,224,448,7722,1116,1240,36996
113,all,87,11,76,2,128,226,452,21988,1136,1280,105324
113,treeDb_first,24,2,22,2,128,226,452,6096,1180,1280,29124
113,treeDb_firstlastmaxtile,21,3,18,2,128,226,452,5308,1180,1248,25432
113,treeDb_firstlastprogress,1,0,1,2,128,226,452,244,1208,1208,1208
113,treeDb_followMaxTile,14,6,8,2,128,226,452,3520,1168,1232,16880
113,treeDb_followProgress,2,0,2,2,128,226,452,526,1228,1232,2460
113,treeDb_last,25,0,25,2,128,226,452,6294,1136,1232,30220
114,all,79,11,68,2,128,228,456,20124,1184,1288,96372
114,treeDb_first,21,7,14,2,128,228,456,5370,1184,1288,25628
114,treeDb_firstlastmaxtile,20,2,18,2,128,228,456,5104,1184,1256,24428
114,treeDb_firstlastprogress,1,0,1,2,128,228,456,246,1212,1212,1212
114,treeDb_followMaxTile,13,0,13,2,128,228,456,3306,1184,1236,15848
114,treeDb_followProgress,1,0,1,2,128,228,456,268,1240,1240,1240
114,treeDb_last,23,2,21,2,128,228,456,5830,1184,1236,28016
115,all,66,12,54,2,128,230,460,16962,1188,1292,81116
115,treeDb_first,18,3,15,2,128,230,460,4650,1192,1292,22172
115,treeDb_firstlastmaxtile,16,4,12,2,128,230,460,4112,1192,1256,19616
115,treeDb_firstlastprogress,1,0,1,2,128,230,460,248,1220,1220,1220
115,treeDb_followMaxTile,11,3,8,2,128,230,460,2810,1188,1244,13480
115,treeDb_followProgress,1,0,1,2,128,230,460,270,1256,1256,1256
115,treeDb_last,19,2,17,2,128,230,460,4872,1196,1256,23372
116,all,59,7,52,2,128,232,464,15280,1196,1292,72996
116,treeDb_first,15,3,12,2,128,232,464,3894,1212,1292,18588
116,treeDb_firstlastmaxtile,15,0,15,2,128,232,464,3880,1196,1288,18600
116,treeDb_firstlastprogress,0,,,,,232,464,0,,0,0
116,treeDb_followMaxTile,11,0,11,2,128,232,464,2838,1196,1264,13552
116,treeDb_followProgress,1,0,1,2,128,232,464,272,1260,1260,1260
116,treeDb_last,17,4,13,2,128,232,464,4396,1196,1260,20996
117,all,47,5,42,2,128,234,468,12284,1204,1308,58644
117,treeDb_first,11,1,10,2,128,234,468,2890,1232,1308,13792
117,treeDb_firstlastmaxtile,13,1,12,2,128,234,468,3402,1204,1292,16260
117,treeDb_firstlastprogress,0,,,,,234,468,0,,0,0
117,treeDb_followMaxTile,7,1,6,2,128,234,468,1812,1204,1252,8656
117,treeDb_followProgress,1,0,1,2,128,234,468,274,1264,1264,1264
117,treeDb_last,15,2,13,2,128,234,468,3906,1216,1264,18672
118,all,41,4,37,2,128,236,472,10790,1220,1312,51516
118,treeDb_first,10,3,7,2,128,236,472,2648,1240,1312,12600
118,treeDb_firstlastmaxtile,12,0,12,2,128,236,472,3160,1220,1292,15084
118,treeDb_firstlastprogress,0,,,,,236,472,0,,0,0
118,treeDb_followMaxTile,7,0,7,2,128,236,472,1828,1220,1268,8736
118,treeDb_followProgress,1,0,1,2,128,236,472,276,1272,1272,1272
118,treeDb_last,11,1,10,2,128,236,472,2878,1248,1268,13824
119,all,33,8,25,2,128,238,476,8756,1224,1316,41688
119,treeDb_first,8,1,7,2,128,238,476,2136,1252,1316,10132
119,treeDb_firstlastmaxtile,10,3,7,2,128,238,476,2656,1224,1296,12632
119,treeDb_firstlastprogress,0,,,,,238,476,0,,0,0
119,treeDb_followMaxTile,5,1,4,2,128,238,476,1322,1252,1272,6300
119,treeDb_followProgress,0,,,,,238,476,0,,0,0
119,treeDb_last,10,3,7,2,128,238,476,2642,1252,1276,12624
120,all,28,1,27,2,128,240,480,7476,1252,1324,35576
120,treeDb_first,5,0,5,2,128,240,480,1348,1256,1324,6376
120,treeDb_firstlastmaxtile,9,0,9,2,128,240,480,2406,1256,1308,11452
120,treeDb_firstlastprogress,0,,,,,240,480,0,,0,0
120,treeDb_followMaxTile,5,0,5,2,128,240,480,1336,1260,1276,6332
120,treeDb_followProgress,0,,,,,240,480,0,,0,0
120,treeDb_last,9,1,8,2,128,240,480,2386,1252,1280,11416
121,all,21,4,17,2,128,242,484,5656,1260,1332,26864
121,treeDb_first,3,1,2,2,128,242,484,824,1260,1332,3860
121,treeDb_firstlastmaxtile,7,1,6,2,128,242,484,1878,1264,1308,8956
121,treeDb_firstlastprogress,0,,,,,242,484,0,,0,0
121,treeDb_followMaxTile,3,1,2,2,128,242,484,814,1284,1284,3852
121,treeDb_followProgress,0,,,,,242,484,0,,0,0
121,treeDb_last,8,1,7,2,128,242,484,2140,1264,1288,10196
122,all,13,2,11,2,128,244,488,3526,1268,1312,16696
122,treeDb_first,1,0,1,2,128,244,488,264,1268,1268,1268
122,treeDb_firstlastmaxtile,4,1,3,2,128,244,488,1076,1268,1312,5144
122,treeDb_firstlastprogress,0,,,,,244,488,0,,0,0
122,treeDb_followMaxTile,3,0,3,2,128,244,488,822,1284,1288,3856
122,treeDb_followProgress,0,,,,,244,488,0,,0,0
122,treeDb_last,5,1,4,2,128,244,488,1364,1268,1304,6428
123,all,7,1,6,2,128,246,492,1902,1268,1320,9024
123,treeDb_first,0,,,,,246,492,0,,0,0
123,treeDb_firstlastmaxtile,4,1,3,2,128,246,492,1084,1284,1320,5172
123,treeDb_firstlastprogress,0,,,,,246,492,0,,0,0
123,treeDb_followMaxTile,1,0,1,2,128,246,492,282,1296,1296,1296
123,treeDb_followProgress,0,,,,,246,492,0,,0,0
123,treeDb_last,2,0,2,2,128,246,492,536,1268,1288,2556
124,all,6,2,4,2,128,248,496,1638,1272,1336,7788
124,treeDb_first,0,,,,,248,496,0,,0,0
124,treeDb_firstlastmaxtile,4,1,3,2,128,248,496,1092,1288,1336,5204
124,treeDb_firstlastprogress,0,,,,,248,496,0,,0,0
124,treeDb_followMaxTile,1,0,1,2,128,248,496,284,1312,1312,1312
124,treeDb_followProgress,0,,,,,248,496,0,,0,0
124,treeDb_last,1,1,0,2,128,248,496,262,1272,1272,1272
125,all,5,0,5,2,128,250,500,1376,1280,1344,6552
125,treeDb_first,0,,,,,250,500,0,,0,0
125,treeDb_firstlastmaxtile,3,0,3,2,128,250,500,826,1292,1340,3928
125,treeDb_firstlastprogress,0,,,,,250,500,0,,0,0
125,treeDb_followMaxTile,1,0,1,2,128,250,500,286,1344,1344,1344
125,treeDb_followProgress,0,,,,,250,500,0,,0,0
125,treeDb_last,1,0,1,2,128,250,500,264,1280,1280,1280
126,all,3,0,3,2,128,252,504,848,1300,1412,4056
126,treeDb_first,0,,,,,252,504,0,,0,0
126,treeDb_firstlastmaxtile,2,0,2,2,128,252,504,558,1300,1344,2644
126,treeDb_firstlastprogress,0,,,,,252,504,0,,0,0
126,treeDb_followMaxTile,1,0,1,2,128,252,504,290,1412,1412,1412
126,treeDb_followProgress,0,,,,,252,504,0,,0,0
126,treeDb_last,0,,,,,252,504,0,,0,0
127,all,2,0,2,2,128,254,508,580,1352,1540,2892
127,treeDb_first,0,,,,,254,508,0,,0,0
127,treeDb_firstlastmaxtile,1,0,1,2,128,254,508,288,1352,1352,1352
127,treeDb_firstlastprogress,0,,,,,254,508,0,,0,0
127,treeDb_followMaxTile,1,0,1,2,128,254,508,292,1540,1540,1540
127,treeDb_followProgress,0,,,,,254,508,0,,0,0
127,treeDb_last,0,,,,,254,508,0,,0,0
128,all,1,0,1,2,256,256,512,294,1800,1800,1800
128,treeDb_first,0,,,,,256,512,0,,0,0
128,treeDb_firstlastmaxtile,0,,,,,256,512,0,,0,0
128,treeDb_firstlastprogress,0,,,,,256,512,0,,0,0
128,treeDb_followMaxTile,1,0,1,2,256,256,512,294,1800,1800,1800
128,treeDb_followProgress,0,,,,,256,512,0,,0,0
128,treeDb_last,0,,,,,256,512,0,,0,0
129,all,1,0,1,2,256,258,516,296,1808,1808,1808
129,treeDb_first,0,,,,,258,516,0,,0,0
129,treeDb_firstlastmaxtile,0,,,,,258,516,0,,0,0
129,treeDb_firstlastprogress,0,,,,,258,516,0,,0,0
129,treeDb_followMaxTile,1,0,1,2,256,258,516,296,1808,1808,1808
129,treeDb_followProgress,0,,,,,258,516,0,,0,0
129,treeDb_last,0,,,,,258,516,0,,0,0
130,all,1,0,1,2,256,260,520,298,1824,1824,1824
130,treeDb_first,0,,,,,260,520,0,,0,0
130,treeDb_firstlastmaxtile,0,,,,,260,520,0,,0,0
130,treeDb_firstlastprogress,0,,,,,260,520,0,,0,0
130,treeDb_followMaxTile,1,0,1,2,256,260,520,298,1824,1824,1824
130,treeDb_followProgress,0,,,,,260,520,0,,0,0
130,treeDb_last,0,,,,,260,520,0,,0,0
131,all,1,0,1,2,256,262,524,300,1828,1828,1828
131,treeDb_first,0,,,,,262,524,0,,0,0
131,treeDb_firstlastmaxtile,0,,,,,262,524,0,,0,0
131,treeDb_firstlastprogress,0,,,,,262,524,0,,0,0
131,treeDb_followMaxTile,1,0,1,2,256,262,524,300,1828,1828,1828
131,treeDb_followProgress,0,,,,,262,524,0,,0,0
131,treeDb_last,0,,,,,262,524,0,,0,0
132,all,1,0,1,2,256,264,528,302,1832,1832,1832
132,treeDb_first,0,,,,,264,528,0,,0,0
132,treeDb_firstlastmaxtile,0,,,,,264,528,0,,0,0
132,treeDb_firstlastprogress,0,,,,,264,528,0,,0,0
132,treeDb_followMaxTile,1,0,1,2,256,264,528,302,1832,1832,1832
132,treeDb_followProgress,0,,,,,264,528,0,,0,0
132,treeDb_last,0,,,,,264,528,0,,0,0
133,all,1,0,1,2,256,266,532,304,1832,1832,1832
133,treeDb_first,0,,,,,266,532,0,,0,0
133,treeDb_firstlastmaxtile,0,,,,,266,532,0,,0,0
133,treeDb_firstlastprogress,0,,,,,266,532,0,,0,0
133,treeDb_followMaxTile,1,0,1,2,256,266,532,304,1832,1832,1832
133,treeDb_followProgress,0,,,,,266,532,0,,0,0
133,treeDb_last,0,,,,,266,532,0,,0,0
134,all,1,0,1,2,256,268,536,306,1832,1832,1832
134,treeDb_first,0,,,,,268,536,0,,0,0
134,treeDb_firstlastmaxtile,0,,,,,268,536,0,,0,0
134,treeDb_firstlastprogress,0,,,,,268,536,0,,0,0
134,treeDb_followMaxTile,1,0,1,2,256,268,536,306,1832,1832,1832
134,treeDb_followProgress,0,,,,,268,536,0,,0,0
134,treeDb_last,0,,,,,268,536,0,,0,0
135,all,1,0,1,2,256,270,540,308,1844,1844,1844
135,treeDb_first,0,,,,,270,540,0,,0,0
135,treeDb_firstlastmaxtile,0,,,,,270,540,0,,0,0
135,treeDb_firstlastprogress,0,,,,,270,540,0,,0,0
135,treeDb_followMaxTile,1,0,1,2,256,270,540,308,1844,1844,1844
135,treeDb_followProgress,0,,,,,270,540,0,,0,0
135,treeDb_last,0,,,,,270,540,0,,0,0
136,all,1,0,1,2,256,272,544,312,1852,1852,1852
136,treeDb_first,0,,,,,272,544,0,,0,0
136,treeDb_firstlastmaxtile,0,,,,,272,544,0,,0,0
136,treeDb_firstlastprogress,0,,,,,272,544,0,,0,0
136,treeDb_followMaxTile,1,0,1,2,256,272,544,312,1852,1852,1852
136,treeDb_followProgress,0,,,,,272,544,0,,0,0
136,treeDb_last,0,,,,,272,544,0,,0,0
137,all,1,0,1,2,256,274,548,314,1852,1852,1852
137,treeDb_first,0,,,,,274,548,0,,0,0
137,treeDb_firstlastmaxtile,0,,,,,274,548,0,,0,0
137,treeDb_firstlastprogress,0,,,,,274,548,0,,0,0
137,treeDb_followMaxTile,1,0,1,2,256,274,548,314,1852,1852,1852
137,treeDb_followProgress,0,,,,,274,548,0,,0,0
137,treeDb_last,0,,,,,274,548,0,,0,0
138,all,1,0,1,2,256,276,552,316,1856,1856,1856
138,treeDb_first,0,,,,,276,552,0,,0,0
138,treeDb_firstlastmaxtile,0,,,,,276,552,0,,0,0
138,treeDb_firstlastprogress,0,,,,,276,552,0,,0,0
138,treeDb_followMaxTile,1,0,1,2,256,276,552,316,1856,1856,1856
138,treeDb_followProgress,0,,,,,276,552,0,,0,0
138,treeDb_last,0,,,,,276,552,0,,0,0
139,all,1,0,1,2,256,278,556,318,1860,1860,1860
139,treeDb_first,0,,,,,278,556,0,,0,0
139,treeDb_firstlastmaxtile,0,,,,,278,556,0,,0,0
139,treeDb_firstlastprogress,0,,,,,278,556,0,,0,0
139,treeDb_followMaxTile,1,0,1,2,256,278,556,318,1860,1860,1860
139,treeDb_followProgress,0,,,,,278,556,0,,0,0
139,treeDb_last,0,,,,,278,556,0,,0,0
140,all,1,0,1,2,256,280,560,322,1868,1868,1868
140,treeDb_first,0,,,,,280,560,0,,0,0
140,treeDb_firstlastmaxtile,0,,,,,280,560,0,,0,0
140,treeDb_firstlastprogress,0,,,,,280,560,0,,0,0
140,treeDb_followMaxTile,1,0,1,2,256,280,560,322,1868,1868,1868
140,treeDb_followProgress,0,,,,,280,560,0,,0,0
140,treeDb_last,0,,,,,280,560,0,,0,0
141,all,1,0,1,2,256,282,564,324,1876,1876,1876
141,treeDb_first,0,,,,,282,564,0,,0,0
141,treeDb_firstlastmaxtile,0,,,,,282,564,0,,0,0
141,treeDb_firstlastprogress,0,,,,,282,564,0,,0,0
141,treeDb_followMaxTile,1,0,1,2,256,282,564,324,1876,1876,1876
141,treeDb_followProgress,0,,,,,282,564,0,,0,0
141,treeDb_last,0,,,,,282,564,0,,0,0
142,all,1,0,1,2,256,284,568,326,1892,1892,1892
142,treeDb_first,0,,,,,284,568,0,,0,0
142,treeDb_firstlastmaxtile,0,,,,,284,568,0,,0,0
142,treeDb_firstlastprogress,0,,,,,284,568,0,,0,0
142,treeDb_followMaxTile,1,0,1,2,256,284,568,326,1892,1892,1892
142,treeDb_followProgress,0,,,,,284,568,0,,0,0
142,treeDb_last,0,,,,,284,568,0,,0,0
143,all,1,0,1,2,256,286,572,328,1896,1896,1896
143,treeDb_first,0,,,,,286,572,0,,0,0
143,treeDb_firstlastmaxtile,0,,,,,286,572,0,,0,0
143,treeDb_firstlastprogress,0,,,,,286,572,0,,0,0
143,treeDb_followMaxTile,1,0,1,2,256,286,572,328,1896,1896,1896
143,treeDb_followProgress,0,,,,,286,572,0,,0,0
143,treeDb_last,0,,,,,286,572,0,,0,0
144,all,1,0,1,2,256,288,576,330,1932,1932,1932
144,treeDb_first,0,,,,,288,576,0,,0,0
144,treeDb_firstlastmaxtile,0,,,,,288,576,0,,0,0
144,treeDb_firstlastprogress,0,,,,,288,576,0,,0,0
144,treeDb_followMaxTile,1,0,1,2,256,288,576,330,1932,1932,1932
144,treeDb_followProgress,0,,,,,288,576,0,,0,0
144,treeDb_last,0,,,,,288,576,0,,0,0
145,all,1,0,1,2,256,290,580,332,1932,1932,1932
145,treeDb_first,0,,,,,290,580,0,,0,0
145,treeDb_firstlastmaxtile,0,,,,,290,580,0,,0,0
145,treeDb_firstlastprogress,0,,,,,290,580,0,,0,0
145,treeDb_followMaxTile,1,0,1,2,256,290,580,332,1932,1932,1932
145,treeDb_followProgress,0,,,,,290,580,0,,0,0
145,treeDb_last,0,,,,,290,580,0,,0,0
146,all,1,0,1,2,256,292,584,334,1936,1936,1936
146,treeDb_first,0,,,,,292,584,0,,0,0
146,treeDb_firstlastmaxtile,0,,,,,292,584,0,,0,0
146,treeDb_firstlastprogress,0,,,,,292,584,0,,0,0
146,treeDb_followMaxTile,1,0,1,2,256,292,584,334,1936,1936,1936
146,treeDb_followProgress,0,,,,,292,584,0,,0,0
146,treeDb_last,0,,,,,292,584,0,,0,0
147,all,1,0,1,2,256,294,588,336,1944,1944,1944
147,treeDb_first,0,,,,,294,588,0,,0,0
147,treeDb_firstlastmaxtile,0,,,,,294,588,0,,0,0
147,treeDb_firstlastprogress,0,,,,,294,588,0,,0,0
147,treeDb_followMaxTile,1,0,1,2,256,294,588,336,1944,1944,1944
147,treeDb_followProgress,0,,,,,294,588,0,,0,0
147,treeDb_last,0,,,,,294,588,0,,0,0
148,all,0,,,,,296,592,0,,0,0
148,treeDb_first,0,,,,,296,592,0,,0,0
148,treeDb_firstlastmaxtile,0,,,,,296,592,0,,0,0
148,treeDb_firstlastprogress,0,,,,,296,592,0,,0,0
148,treeDb_followMaxTile,0,,,,,296,592,0,,0,0
148,treeDb_followProgress,0,,,,,296,592,0,,0,0
148,treeDb_last,0,,,,,296,592,0,,0,0
149,all,0,,,,,298,596,0,,0,0
149,treeDb_first,0,,,,,298,596,0,,0,0
149,treeDb_firstlastmaxtile,0,,,,,298,596,0,,0,0
149,treeDb_firstlastprogress,0,,,,,298,596,0,,0,0
149,treeDb_followMaxTile,0,,,,,298,596,0,,0,0
149,treeDb_followProgress,0,,,,,298,596,0,,0,0
149,treeDb_last,0,,,,,298,596,0,,0,0
150,all,0,,,,,300,600,0,,0,0
150,treeDb_first,0,,,,,300,600,0,,0,0
150,treeDb_firstlastmaxtile,0,,,,,300,600,0,,0,0
150,treeDb_firstlastprogress,0,,,,,300,600,0,,0,0
150,treeDb_followMaxTile,0,,,,,300,600,0,,0,0
150,treeDb_followProgress,0,,,,,300,600,0,,0,0
150,treeDb_last,0,,,,,300,600,0,,0,0
